,Szak neve:Programtervezõ informatikus BSc,Szakfelelõs:Fülöp Zoltán,Unnamed: 0,Unnamed: 1,Unnamed: 2,Unnamed: 3,Unnamed: 4,Unnamed: 5,Unnamed: 6,Gyak. Kredit,MBNXK111E,Diszkrét matematika I. ea,Czédli Gábor,2,Unnamed: 7,2.1,Kollokvium,Unnamed: 8,24,IB104E,Programozás alapjai ea,Gergely Tamás,4,4.1,Unnamed: 9,Unnamed: 10,Unnamed: 11,Unnamed: 12,17,IB152e,Adatbázis alapú rendszerek ea,Balázs Péter,"IB501e, IB501g",Elõfeltétel,1,39,MBNXK112E,Diszkrét matematika II. ea,"MBNXK111E, MBNXK111G",IBK404e,Algoritmusok és adatszerkezetek II. ea,Farkas Richard,"IBK304e, IBK304g",IB611e,Rendszerfejlesztés II. ea,Gyimóthy Tibor,"IB153e, IB153l",Szak neve:,Programtervezõ informatikus BSc,Szakfelelõs:,Fülöp Zoltán,Nappali tagozat,IB155e,Számítógépes grafika ea,Nyúl László,"IB104E, IB104L",FSZV00,Fizika SZV ea,IB3000,Szakdolgozat készítése 1. (pti),10,Gyakorlati jegy,Köztelezõen teljesítendõ mat,4m6atika és számítástudományi ismeretek,gyak,Összesen:,180,Szoftverfejlesztés specializáci,1: 4Differenciált matematikai és számítástudományi is,Informatikai modellalkotás s,e8cializáció: Differenciált matematikai és számítástudo,Képfeldolgozás:Differenciált,8atematikai és számítástudományi ismeretek A blokk
0,Szak neve:Programtervezõ informatikus BSc,Szakfelelõs:Fülöp Zoltán,Unnamed: 0,Unnamed: 1,Unnamed: 2,Unnamed: 3,Unnamed: 4,Unnamed: 5,Unnamed: 6,Gyak. Kredit,MBNXK111E,Diszkrét matematika I. ea,Czédli Gábor,2.0,Unnamed: 7,2.1,Kollokvium,Unnamed: 8,24.0,IB104E,Programozás alapjai ea,Gergely Tamás,4.0,4.1,Unnamed: 9,Unnamed: 10,Unnamed: 11,Unnamed: 12,17.0,IB152e,Adatbázis alapú rendszerek ea,Balázs Péter,"IB501e, IB501g",Elõfeltétel,1.0,39.0,MBNXK112E,Diszkrét matematika II. ea,"MBNXK111E, MBNXK111G",IBK404e,Algoritmusok és adatszerkezetek II. ea,Farkas Richard,"IBK304e, IBK304g",IB611e,Rendszerfejlesztés II. ea,Gyimóthy Tibor,"IB153e, IB153l",Szak neve:,Programtervezõ informatikus BSc,Szakfelelõs:,Fülöp Zoltán,Nappali tagozat,IB155e,Számítógépes grafika ea,Nyúl László,"IB104E, IB104L",FSZV00,Fizika SZV ea,IB3000,Szakdolgozat készítése 1. (pti),10.0,Gyakorlati jegy,Köztelezõen teljesítendõ mat,4m6atika és számítástudományi ismeretek,gyak,Összesen:,180.0,Szoftverfejlesztés specializáci,1: 4Differenciált matematikai és számítástudományi is,Informatikai modellalkotás s,e8cializáció: Differenciált matematikai és számítástudo,Képfeldolgozás:Differenciált,8atematikai és számítástudományi ismeretek A blokk
1,Kurzuskód,"Kurzus címe, típusa (ea, sz, gy, lab, konz stb.)",Tárgyfelelõs,Elõfeltétel (kurzus kódja),"Elõfeltétel
típusa",félévek,Kredit,Teljesítés módja,"Kollokviumon
belül gyakorlati
ismeret",,,,,,,,,,,,,,,,,,,,,,,,,,,,,,,,,,,,,,,,,,,,,,,,,,,,,,,,,,,,,,,,
2,0,1,2,3,4,5,6,,,,,,,,,,,,,,,,,,,,,,,,,,,,,,,,,,,,,,,,,,,,,,,,,,,,,,,,,,,,,,,,,,
3,heti tanóraszám,,,,,,,,,,,,,,,,,,,,,,,,,,,,,,,,,,,,,,,,,,,,,,,,,,,,,,,,,,,,,,,,,,,,,,,,
4,,,,,,,,,,,MBNXK111G,Diszkrét matematika I. gy,Czédli Gábor,2.0,,3,Gyakorlati jegy,,,,,,,,,,,,,,,,,,,,,,,,,,,,,,,,,,,,,,,,,,,,,,,,,,,,,,,,
5,,,,,,,,,,,MBNXLK311E,Kalkulus I. ea,Szabó Tamás,2.0,,2,Kollokvium,,,,,,,,,,,,,,,,,,,,,,,,,,,,,,,,,,,,,,,,,,,,,,,,,,,,,,,,
6,,,,,,,,,,,MBNXK311G,Kalkulus I. gy,Szabó Tamás,2.0,,3,Gyakorlati jegy,,,,,,,,,,,,,,,,,,,,,,,,,,,,,,,,,,,,,,,,,,,,,,,,,,,,,,,,
7,,,"MBNXK311E, MBNXK311kE",Elõfeltétel,,2,,,,,MBNXK262E,A sztochasztika alapjai ea,Viharos László,,,2,Kollokvium,,,,,,,,,,,,,,,,,,,,,,,,,,,,,,,,,,,,,,,,,,,,,,,,,,,,,,,,
8,,,"MBNXK311E, MBNXK311kE",Elõfeltétel,,2,,,,,MBNXK262G,A sztochasztika alapjai gy,Viharos László,,,3,Gyakorlati jegy,,,,,,,,,,,,,,,,,,,,,,,,,,,,,,,,,,,,,,,,,,,,,,,,,,,,,,,,
9,,,MBNXK262E,Elõfeltétel,,,2,,,,MBNX363E,Alkalmazott statisztika ea,Viharos László,,,2,Kollokvium,,,,,,,,,,,,,,,,,,,,,,,,,,,,,,,,,,,,,,,,,,,,,,,,,,,,,,,,
10,,,MBNXK262E,Elõfeltétel,,,1,,,,MBNX363G,Alkalmazott statisztika lab,Viharos László,,,1,Gyakorlati jegy,,,,,,,,,,,,,,,,,,,,,,,,,,,,,,,,,,,,,,,,,,,,,,,,,,,,,,,,
11,,,MBNXK111E,Elõfeltétel,,2,,,,,IBK203e,Operációkutatás I. ea,Csendes Tibor,,,2,Kollokvium,,,,,,,,,,,,,,,,,,,,,,,,,,,,,,,,,,,,,,,,,,,,,,,,,,,,,,,,
12,,,MBNXK111E,Elõfeltétel,,1,,,,,IBK203g,Operációkutatás I. gy,Csendes Tibor,,,2,Gyakorlati jegy,,,,,,,,,,,,,,,,,,,,,,,,,,,,,,,,,,,,,,,,,,,,,,,,,,,,,,,,
13,,,"MBNXK311E, MBNXK311kE, MBNXK111E",,,,2,,,,IBK301e,Közelítõ és szimbolikus számítások I. ea,Csendes Tibor,,,2,Kollokvium,,,,,,,,,,,,,,,,,,,,,,,,,,,,,,,,,,,,,,,,,,,,,,,,,,,,,,,,
14,,,"MBNXK311E, MBNXK311kE, MBNXK111E",,,,1,,,,IBK301g,Közelítõ és szimbolikus számítások I. gy,Csendes Tibor,,,2,Gyakorlati jegy,,,,,,,,,,,,,,,,,,,,,,,,,,,,,,,,,,,,,,,,,,,,,,,,,,,,,,,,
15,,,,Elõfeltétel,,,2,,,,IBK304e,Algoritmusok és adatszerkezetek I. ea,Farkas Richárd,,,2,Kollokvium,,,,,,,,,,,,,,,,,,,,,,,,,,,,,,,,,,,,,,,,,,,,,,,,,,,,,,,,
16,,,,Elõfeltétel,,,1,,,,IBK304g,Algoritmusok és adatszerkezetek I. gy,Farkas Richárd,,,2,Gyakorlati jegy,,,,,,,,,,,,,,,,,,,,,,,,,,,,,,,,,,,,,,,,,,,,,,,,,,,,,,,,
17,,,"IB202e, MBNXK111E",Elõfeltétel,,,,,2,,IBK154e,Mesterséges intelligencia I. ea,Jelasity Márk,,,2,Kollokvium,,,,,,,,,,,,,,,,,,,,,,,,,,,,,,,,,,,,,,,,,,,,,,,,,,,,,,,,
18,,,"IB202e, MBNXK111E",Elõfeltétel,,,,,1,,IBK154g,Mesterséges intelligencia I. gy,Jelasity Márk,,,2,Gyakorlati jegy,,,,,,,,,,,,,,,,,,,,,,,,,,,,,,,,,,,,,,,,,,,,,,,,,,,,,,,,
19,,,MBNXK111E vagy MBNXK111G,Elõfeltétel,,,,2,,,IBK403e,Formális nyelvek ea,Fülöp Zoltán,,,2,Kollokvium,,,,,,,,,,,,,,,,,,,,,,,,,,,,,,,,,,,,,,,,,,,,,,,,,,,,,,,,
20,,,MBNXK111E vagy MBNXK111G,Elõfeltétel,,,,1,,,IBK403g,Formális nyelvek gy,Fülöp Zoltán,,,2,Gyakorlati jegy,,,,,,,,,,,,,,,,,,,,,,,,,,,,,,,,,,,,,,,,,,,,,,,,,,,,,,,,
21,,,MBNXK111E vagy MBNXK111G,Elõfeltétel,,2,,,,,IBK604e,Logika és informatikai alkalmazásai ea,Iván Szabolcs,,,2,Kollokvium,,,,,,,,,,,,,,,,,,,,,,,,,,,,,,,,,,,,,,,,,,,,,,,,,,,,,,,,
22,,,MBNXK111E vagy MBNXK111G,Elõfeltétel,,1,,,,,IBK604g,Logika és informatikai alkalmazásai gy,Iván Szabolcs,,,2,Gyakorlati jegy,,,,,,,,,,,,,,,,,,,,,,,,,,,,,,,,,,,,,,,,,,,,,,,,,,,,,,,,
23,,,MBNXK111E vagy MBNXK111G,Elõfeltétel,,,,,2,,IBK507e,Bonyolultságelmélet ea,Iván Szabolcs,,,2,Kollokvium,,,,,,,,,,,,,,,,,,,,,,,,,,,,,,,,,,,,,,,,,,,,,,,,,,,,,,,,
24,,,MBNXK111E vagy MBNXK111G,Elõfeltétel,,,,,1,,IBK507g,Bonyolultságelmélet gy,Iván Szabolcs,,,2,Gyakorlati jegy,,,,,,,,,,,,,,,,,,,,,,,,,,,,,,,,,,,,,,,,,,,,,,,,,,,,,,,,
25,,,,,,,,,,,,,,,,,Gyakorlati jegy,,,IB104L,Programozás alapjai lab,Gergely Tamás,3.0,4,,,,,,,,,,,,,,,,,,,,,,,,,,,,,,,,,,,,,,,,,,,,,,,,,
26,,,,,,,,,,,,,,,,,Kollokvium,,,IB162E,Számítógép architektúrák ea,Nagy Antal,2.0,3,,,,,,,,,,,,,,,,,,,,,,,,,,,,,,,,,,,,,,,,,,,,,,,,,
27,,,,,,2,,,,,,,,,,,Kollokvium,,,IB402e,Operációs rendszerek ea,Kató Zoltán,,2,,,,,,,,,,,,,,,,,,,,,,,,,,,,,,,,,,,,,,,,,,,,,,,,,
28,,,,,,1,,,,,,,,,,,Gyakorlati jegy,,,IB402g,Operációs rendszerek lab,Kató Zoltán,,2,,,,,,,,,,,,,,,,,,,,,,,,,,,,,,,,,,,,,,,,,,,,,,,,,
29,,,"IB104E, IB104L",Elõfeltétel,,3,,,,,,,,1.0,,,Kollokvium,,,IB202e,Programozás I. ea,Ferenc Rudolf,,3,,,,,,,,,,,,,,,,,,,,,,,,,,,,,,,,,,,,,,,,,,,,,,,,,
30,,,"IB104E, IB104L",Elõfeltétel,,2,,,,,,,,,,,Gyakorlati jegy,,,IB202g,Programozás I. lab,Ferenc Rudolf,,3,,,,,,,,,,,,,,,,,,,,,,,,,,,,,,,,,,,,,,,,,,,,,,,,,
31,,,"IB202g, IB202e",Elõfeltétel,,,2,,,,,,,1.0,,,Kollokvium,,,IB302e,Programozás II.ea,Alexin Zoltán,,2,,,,,,,,,,,,,,,,,,,,,,,,,,,,,,,,,,,,,,,,,,,,,,,,,
32,,,"IB202g, IB202e",Elõfeltétel,,,1,,,,,,,,,,Gyakorlati jegy,,,IB302g,Programozás II. lab,Alexin Zoltán,,2,,,,,,,,,,,,,,,,,,,,,,,,,,,,,,,,,,,,,,,,,,,,,,,,,
33,,,,,,,,,,,,,,1.0,,,Kollokvium,,,IB407e,Számítógép-hálózatok ea,Bilicki Vilmos,2.0,2,,,,,,,,,,,,,,,,,,,,,,,,,,,,,,,,,,,,,,,,,,,,,,,,,
34,,,,,,,,,,,,,,,,,Gyakorlati jegy,,,IB407g,Számítógép-hálózatok lab,Bilicki Vilmos,1.0,2,,,,,,,,,,,,,,,,,,,,,,,,,,,,,,,,,,,,,,,,,,,,,,,,,
35,,,"IB104E, MBNX111E",Elõfeltétel,,,2,,,,,,,1.0,,,Kollokvium,,,IB501e,Adatbázisok ea,Balázs Péter,,2,,,,,,,,,,,,,,,,,,,,,,,,,,,,,,,,,,,,,,,,,,,,,,,,,
36,,,"IB104E, MBNX111E",Elõfeltétel,,,1,,,,,,,,,,Gyakorlati jegy,,,IB501g,Adatbázisok lab,Balázs Péter,,2,,,,,,,,,,,,,,,,,,,,,,,,,,,,,,,,,,,,,,,,,,,,,,,,,
37,,,"IB202g, IB202e
IB202g, IB202e",Elõfeltétel,,,,2,,,,,,1.0,,,Kollokvium,,,IB405e,Programozási nyelvek,Kertész Attila,,2,,,,,,,,,,,,,,,,,,,,,,,,,,,,,,,,,,,,,,,,,,,,,,,,,
38,,,Elõfeltétel,,,,1,,,,,,,,2,,,,,IB405g,Programozási nyelvek,Kertész Attila,,Gyakorlati jegy,,,,,,,,,,,,,,,,,,,,,,,,,,,,,,,,,,,,,,,,,,,,,,,,,
39,,,"IB153e, IB407e, IB153l, IB407g",Elõfeltétel,,,,,,,,,,1.0,2,,Kollokvium,,,IB716E,Információbiztonság ea,Beszédes Árpád,,2,,,,,,,,,,,,,,,,,,,,,,,,,,,,,,,,,,,,,,,,,,,,,,,,,
40,,,"IB153e, IB407e, IB153l, IB407g",Elõfeltétel,,,,,,,,,,,1,,Gyakorlati jegy,,,IB716L,Információbiztonság lab,Beszédes Árpád,,1,,,,,,,,,,,,,,,,,,,,,,,,,,,,,,,,,,,,,,,,,,,,,,,,,
41,,,"IB202g, IB202e",Elõfeltétel,,,2,,,,,,,1.0,,,Kollokvium,,,IB153e,Rendszerfejlesztés I. ea,Gyimóthy Tibor,,2,,,,,,,,,,,,,,,,,,,,,,,,,,,,,,,,,,,,,,,,,,,,,,,,,
42,,,"IB202g, IB202e",Elõfeltétel,,,1,,,,,,,,,,Gyakorlati jegy,,,IB153l,Rendszerfejlesztés I. lab,Gyimóthy Tibor,,2,,,,,,,,,,,,,,,,,,,,,,,,,,,,,,,,,,,,,,,,,,,,,,,,,
43,,,"IB202g, IB202e",Párhuzamos,,2,,,,,,,,1.0,,,Kollokvium,,,IB714e,Webtervezés ea,Holló Csaba,,2,,,,,,,,,,,,,,,,,,,,,,,,,,,,,,,,,,,,,,,,,,,,,,,,,
44,,,"IB202g, IB202e",Párhuzamos,,1,,,,,,,,,,,Gyakorlati jegy,,,IB714g,Webtervezés lab,Holló Csaba,,2,,,,,,,,,,,,,,,,,,,,,,,,,,,,,,,,,,,,,,,,,,,,,,,,,
45,,,IB304e,Elõfeltétel,,,,2,,,,,,,,,Kollokvium,,,IB042e,Digitális képfeldolgozás ea,Palágyi Kálmán,,2,,,,,,,,,,,,,,,,,,,,,,,,,,,,,,,,,,,,,,,,,,,,,,,,,
46,,,IB304e,Elõfeltétel,,,,1,,,,,,,,,Gyakorlati jegy,,,IB042g,Digitális képfeldolgozás lab,Palágyi Kálmán,,2,,,,,,,,,,,,,,,,,,,,,,,,,,,,,,,,,,,,,,,,,,,,,,,,,
47,,,,,,,,,,,,,,,,,,,,52,10,,,,,,,,,,,,,,,,,,,,,,,,,,,,,,,,,,,,,,,,,,,,,,,,,,,,
48,,,,,,,,,,,,,,,,,,,,,,,,,,,,,,,,,,,,,,,,,,,,,,,,,,,,,,,,,,,,,,,,,,,,,,,,,
49,Kurzuskód,"Kurzus címe, típusa (ea, sz, gy, lab, konz stb.)",Tárgyfelelõs,Elõfeltétel (kurzus kódja),"Elõfeltétel
típusa",félévek,Kredit,Teljesítés módja,"Kollokviumon
belül gyakorlati
ismeret",,,,,,,,,,,,,,,,,,,,,,,,,,,,,,,,,,,,,,,,,,,,,,,,,,,,,,,,,,,,,,,,
50,,,,,0,1,2,3,4,,,,,,5,,,6,,,,,,,,,,,,,,,,,,,,,,,,,,,,,,,,,,,,,,,,,,,,,,,,,,,,,,,
51,,,,,heti tanóraszám,,,,,,,,,,,,,,,,,,,,,,,,,,,,,,,,,,,,,,,,,,,,,,,,,,,,,,,,,,,,,,,,,,,,
52,MBNXK112E,Diszkrét matematika II. ea,Czédli Gábor,"MBNXK111E, MBNXK111G",Elõfeltétel,,,2,,,,,,,,,,,,,,,,,,2,Kollokvium,,,,,,,,,,,,,,,,,,,,,,,,,,,,,,,,,,,,,,,,,,,,,,
53,MBNXK112G,Diszkrét matematika II. gy,Czédli Gábor,"MBNXK111E, MBNXK111G",Elõfeltétel,,,2,,,,,,,,,,,,,,,,,,3,Gyakorlati jegy,,,,,,,,,,,,,,,,,,,,,,,,,,,,,,,,,,,,,,,,,,,,,,
54,MBNXK114E,Diszkrét matematika III. ea,Maróti Miklós,"MBNXK112E, MBNXK112G",Elõfeltétel,,,,2,,,,,,,,,,,,,,,,,2,Kollokvium,,,,,,,,,,,,,,,,,,,,,,,,,,,,,,,,,,,,,,,,,,,,,,
55,MBNXK114G,Diszkrét matematika III. gy,Maróti Miklós,"MBNXK112E, MBNXK112G",Elõfeltétel,,,,2,,,,,,,,,,,,,,,,,3,Gyakorlati jegy,,,,,,,,,,,,,,,,,,,,,,,,,,,,,,,,,,,,,,,,,,,,,,
56,MBNXK313E,Kalkulus II. ea,Krisztin Tibor,"MBNXK311E, MBNXK311G",Elõfeltétel,,,,2,,,,,,,,,,,,,,,,,2,Kollokvium,,,,,,,,,,,,,,,,,,,,,,,,,,,,,,,,,,,,,,,,,,,,,,
57,MBNXK313G,Kalkulus II. gy,Krisztin Tibor,"MBNXK311E, MBNXK311G",Elõfeltétel,,,,2,,,,,,,,,,,,,,,,,3,Gyakorlati jegy,,,,,,,,,,,,,,,,,,,,,,,,,,,,,,,,,,,,,,,,,,,,,,
58,IBK404e,Algoritmusok és adatszerkezetek II. ea,"Farkas Richard
Farkas Richard","IBK304e, IBK304g",Elõfeltétel,,,,,,,,,,2,,,,,,,,,,,2,Kollokvium,,,,,,,,,,,,,,,,,,,,,,,,,,,,,,,,,,,,,,,,,,,,,,
59,IBK404g,Algoritmusok és adatszerkezetek II. gy,"IBK304e, IBK304g",Elõfeltétel,,,,,1,,,,,,,,,,,,,,,,2,Gyakorlati jegy,,,,,,,,,,,,,,,,,,,,,,,,,,,,,,,,,,,,,,,,,,,,,,,
60,IBK615e,Hardware és software rendszerek verifikációja ea,Fülöp Zoltán,IBK604e vagy IBK604g,Elõfeltétel,,,,,,,,,,2,,,,,,,,,,,2,Kollokvium,,,,,,,,,,,,,,,,,,,,,,,,,,,,,,,,,,,,,,,,,,,,,,
61,IBK615g,Hardware és software rendszerek verifikációja gy,Fülöp Zoltán,IBK604e vagy IBK604g,Elõfeltétel,,,,,,,,,,1,,,,,,,,,,,2,Gyakorlati jegy,,,,,,,,,,,,,,,,,,,,,,,,,,,,,,,,,,,,,,,,,,,,,,
62,IBK309e,Döntéselméleti rendszerek ea,Pluhár András,,,2,,,,,,,,,,,,,,,,,,,,2,Kollokvium,,,,,,,,,,,,,,,,,,,,,,,,,,,,,,,,,,,,,,,,,,,,,,
63,IBK309g,Döntéselméleti rendszerek gy,Pluhár András,,,1,,,,,,,,,,,,,,,,,,,,2,Gyakorlati jegy,,,,,,,,,,,,,,,,,,,,,,,,,,,,,,,,,,,,,,,,,,,,,,
64,IMNK414e,Intelligens ember-gép interfészek ea,Farkas Richard,,,2,,,,,,,,,,,,,,,,,,,,2,Kollokvium,,,,,,,,,,,,,,,,,,,,,,,,,,,,,,,,,,,,,,,,,,,,,,
65,IMNK414e,Intelligens ember-gép interfészek gy,Farkas Richard,,,1,,,,,,,,,,,,,,,,,,,,2,Gyakorlati jegy,,,,,,,,,,,,,,,,,,,,,,,,,,,,,,,,,,,,,,,,,,,,,,
66,IB072,Funkcionális programozás és lambda kalkulus,Iván Szabolcs,,,2,,,,,,,,,,,,,,,,,,,,3,Kollokvium,1,,,,,,,,,,,,,,,,,,,,,,,,,,,,,,,,,,,,,,,,,,,,,
67,IB073,Új elvû számítások az informatikában,Gazdag Zsolt,,,2,,,,,,,,,,,,,,,,,,,,3,Kollokvium,,,,,,,,,,,,,,,,,,,,,,,,,,,,,,,,,,,,,,,,,,,,,,
68,IB074,Szintaktikus elemzési módszerek,Fülöp Zoltán,IBK403e vagy IBK403g,Elõfeltétel,2,,,,,,,,,,,,,,,,,,,,3,Kollokvium,1,,,,,,,,,,,,,,,,,,,,,,,,,,,,,,,,,,,,,,,,,,,,,
69,40,2,,,,,,,,,,,,,,,,,,,,,,,,,,,,,,,,,,,,,,,,,,,,,,,,,,,,,,,,,,,,,,,,,,,,,,,
70,,,,,,,,,,,,,,,,,,,,,,,,,,,,,,,,,,,,,,,,,,,,,,,,,,,,,,,,,,,,,,,,,,,,,,,,,
71,,,,,,,,,,,,,,2.0,,3,Gyakorlati jegy,,,,,,,,,,,,,IB152l,Adatbázis alapú rendszerek lab,Balázs Péter,"IB501e, IB501g",Elõfeltétel,,,,,,,,,,,,,,,,,,,,,,,,,,,,,,,,,,,,,,,
72,,,,,,,,2,,,,,,,,2,Kollokvium,,,,,,,,,,,,,IB611e,Rendszerfejlesztés II. ea,Gyimóthy Tibor,"IB153e, IB153l",Elõfeltétel,1.0,,,,,,,,,,,,,,,,,,,,,,,,,,,,,,,,,,,,,,
73,,,,,,,,1,,,,,,,,2,Gyakorlati jegy,,,,,,,,,,,,,IB611g,Rendszerfejlesztés II. gy,Gyimóthy Tibor,"IB153e, IB153l",Elõfeltétel,,,,,,,,,,,,,,,,,,,,,,,,,,,,,,,,,,,,,,,
74,,,,,,2,,,,,,,,,,2,Kollokvium,,,,,,,,,,,,,IB370e,Szkriptnyelvek ea,Holló Csaba,"IB714e, IB714g",Elõfeltétel,1.0,,,,,,,,,,,,,,,,,,,,,,,,,,,,,,,,,,,,,,
75,,,,,,1,,,,,,,,,,2,Gyakorlati jegy,,,,,,,,,,,,,IB370g,Szkriptnyelvek lab,Holló Csaba,"IB714e, IB714g",Elõfeltétel,,,,,,,,,,,,,,,,,,,,,,,,,,,,,,,,,,,,,,,
76,,,,,,,,,,,,,,1.0,,1,Kollokvium,,,,,,,,,,,,,IB676e,Assembly programozás ea,Tanács Attila,IB162E,Elõfeltétel,,,,,,,,,,,,,,,,,,,,,,,,,,,,,,,,,,,,,,,
77,,,,,,,,,,,,,,1.0,,1,Gyakorlati jegy,,,,,,,,,,,,,IB676l,Assembly programozás lab,Tanács Attila,IB162E,Elõfeltétel,,,,,,,,,,,,,,,,,,,,,,,,,,,,,,,,,,,,,,,
78,,,,,,,2,,,,,,,,,2,Kollokvium,,,,,,,,,,,,,IB155e,Számítógépes grafika ea,Nyúl László,"IB104E, IB104L",Elõfeltétel,,,,,,,,,,,,,,,,,,,,,,,,,,,,,,,,,,,,,,,
79,,,,,,,1,,,,,,,,,2,Gyakorlati jegy,,,,,,,,,,,,,IB155l,Számítógépes grafika lab,Nyúl László,"IB104E, IB104L",Elõfeltétel,,,,,,,,,,,,,,,,,,,,,,,,,,,,,,,,,,,,,,,
80,,,2,,,,,,,,,,,,,2,Kollokvium,,,,,,,,,,,,,IB041e,Multimédia ea,Nyúl László,"IB104E, IB104L",Elõfeltétel,,,,,,,,,,,,,,,,,,,,,,,,,,,,,,,,,,,,,,,
81,,,1,,,,,,,,,,,,,2,Gyakorlati jegy,,,,,,,,,,,,,IB041g,Multimédia lab,Nyúl László,"IB104E, IB104L",Elõfeltétel,,,,,,,,,,,,,,,,,,,,,,,,,,,,,,,,,,,,,,,
82,,,2,,,,,,,,,,,,,3,Kollokvium,,,,,,,,,,,,,IB075,Digitális topológia és matematikai morfológia ea,Palágyi Kálmán,,,,,,,,,,,,,,,,,,,,,,,,,,,,,,,,,,,,,,,,,
83,,,2,,,,,,,,,,,,,3,Kollokvium,,,,,,,,,,,,,IB076,Digitális képek szegmentálása ea,Kató Zoltán,,,2.0,,,,,,,,,,,,,,,,,,,,,,,,,,,,,,,,,,,,,,
84,,,2,,,,,,,,,,,,,3,Gyakorlati jegy,,,,,,,,,,,,,IB077,Mobil képalkotás és alkalmazásai ea,Tanács Attila,,,2.0,,,,,,,,,,,,,,,,,,,,,,,,,,,,,,,,,,,,,,
85,,,2,,,,,,,,,,,,,3,Gyakorlati jegy,,,,,,,,,,,,,IB009,Játékfejleszés Unity-ben gy,Varga László,,,,,,,,,,,,,,,,,,,,,,,,,,,,,,,,,,,,,,,,,
86,,,2,,,,,,,,,,,,,3,Kollokvium,,,,,,,,,,,,,IB078,Vázkijelölés a képfeldolgozásban,Palágyi Kálmán,,,2.0,,,,,,,,,,,,,,,,,,,,,,,,,,,,,,,,,,,,,,
87,,,2,,,,,,,,,,,,,3,Gyakorlati jegy,,,,,,,,,,,,,IB079,Képfeldolgozó programcsomagok,Tanács Attila,,,,,,,,,,,,,,,,,,,,,,,,,,,,,,,,,,,,,,,,,
88,,,2,,,,,,,,,,,,,2,Kollokvium,,,,,,,,,,,,,IB080e,Térinformatika ea,Kardos Péter,,,,,,,,,,,,,,,,,,,,,,,,,,,,,,,,,,,,,,,,,
89,,,1,,,,,,,,,,,,,2,Gyakorlati jegy,,,,,,,,,,,,,IB080g,Térinformatika lab,Kardos Péter,,,,,,,,,,,,,,,,,,,,,,,,,,,,,,,,,,,,,,,,,
90,,,2,,,,,,,,,,,,,3,Kollokvium,,,,,,,,,,,,,IB411e,Számítógéppel támogatott tervezés ea,Tanács Attila,,,2.0,,,,,,,,,,,,,,,,,,,,,,,,,,,,,,,,,,,,,,
91,,,,,,,,,,,,,,1.0,,1,Kollokvium,,,,,,,,,,,,,IB414-2e,Alkalmazásfejlesztés I. ea,Kiss Ákos,"IB202g, IB202e",Elõfeltétel,,,,,,,,,,,,,,,,,,,,,,,,,,,,,,,,,,,,,,,
92,,,,,,,,,,,,,,2.0,,2,Gyakorlati jegy,,,,,,,,,,,,,IB414-2g,Alkalmazásfejlesztés I. lab,Kiss Ákos,"IB202g, IB202e",Elõfeltétel,,,,,,,,,,,,,,,,,,,,,,,,,,,,,,,,,,,,,,,
93,,,,,,,1,,,,,,,,,1,Kollokvium,,,,,,,,,,,,,IB570e,Alkalmazásfejlesztés II. ea,Kiss Ákos,"IB414-2g, IB414-2e",Elõfeltétel,,,,,,,,,,,,,,,,,,,,,,,,,,,,,,,,,,,,,,,
94,,,,,,,2,,,,,,,,,2,Gyakorlati jegy,,,,,,,,,,,,,IB570g,Alkalmazásfejlesztés II. lab,Kiss Ákos,"IB414-2g, IB414-2e",Elõfeltétel,,,,,,,,,,,,,,,,,,,,,,,,,,,,,,,,,,,,,,,
95,,,,,,,,,,,,,,1.0,,1,Kollokvium,,,,,,,,,,,,,IB030E,Mobil alkalmazásfejlesztés ea,Bilicki Vilmos,"IB202g, IB202e",Elõfeltétel,,,,,,,,,,,,,,,,,,,,,,,,,,,,,,,,,,,,,,,
96,,,,,,,,,,,,,,2.0,,2,Gyakorlati jegy,,,,,,,,,,,,,IB030g,Mobil alkalmazásfejlesztés lab,Bilicki Vilmos,"IB202g, IB202e",Elõfeltétel,,,,,,,,,,,,,,,,,,,,,,,,,,,,,,,,,,,,,,,
97,,,,,,,,,,,,,,1.0,,1,Kollokvium,,,,,,,,,,,,,IB471e,Webfejlesztési keretrendszerek ea,Havasi Ferenc,Szkriptnyelvek,Elõfeltétel,,,,,,,,,,,,,,,,,,,,,,,,,,,,,,,,,,,,,,,
98,,,,,,,,,,,,,,2.0,,2,Gyakorlati jegy,,,,,,,,,,,,,IB471g,Webfejlesztési keretrendszerek lab,Havasi Ferenc,Szkriptnyelvek,Elõfeltétel,,,,,,,,,,,,,,,,,,,,,,,,,,,,,,,,,,,,,,,
99,,,,,,,,,,,,,,2.0,,3,Kollokvium,,,,,,,,,,,,,IB472,Multiplatform alkalmazásfejlesztés C++-ban ea,Alexin Zoltán,"IB302e, IB302g",Elõfeltétel,2.0,,,,,,,,,,,,,,,,,,,,,,,,,,,,,,,,,,,,,,
100,,,,,,,2,,,,,,,,,2,Kollokvium,,,,,,,,,,,,,IBK004e,Szoftvertesztelés alapjai ea,Gyimothy Tibor,"IB153e, IB153l",Elõfeltétel,,,,,,,,,,,,,,,,,,,,,,,,,,,,,,,,,,,,,,,
101,,,,,,,2,,,,,,,,,3,Gyakorlati jegy,,,,,,,,,,,,,IBK004g,Szoftvertesztelés alapjai gy,Gyimothy Tibor,"IB153e, IB153l",Elõfeltétel,,,,,,,,,,,,,,,,,,,,,,,,,,,,,,,,,,,,,,,
102,,,,,,,,1,,,,,,,,1,Kollokvium,,,,,,,,,,,,,IB670e,Agilis szoftverfejlesztés ea,Beszédes Árpád,"IB153e, IB153l",Elõfeltétel,,,,,,,,,,,,,,,,,,,,,,,,,,,,,,,,,,,,,,,
103,,,,,,,,2,,,,,,,,2,Gyakorlati jegy,,,,,,,,,,,,,IB670g,Agilis szoftverfejlesztés lab,Beszédes Árpád,"IB153e, IB153l",Elõfeltétel,,,,,,,,,,,,,,,,,,,,,,,,,,,,,,,,,,,,,,,
104,,,2,,,,,,,,,,,,,3,Kollokvium,,,,,,,,,,,,,IB001e,Adatelemzés a szociális médiában ea,Farkas Richárd,,,2.0,,,,,,,,,,,,,,,,,,,,,,,,,,,,,,,,,,,,,,
105,,,1,,,,,,,,,,,,,2,Kollokvium,,,,,,,,,,,,,IB081,Informatikai alkalmazások ea,Németh Tamás,,,1.0,,,,,,,,,,,,,,,,,,,,,,,,,,,,,,,,,,,,,,
106,Kurzuskód,"Kurzus címe, típusa (ea, sz, gy, lab, konz stb.)",Tárgyfelelõs,Elõfeltétel (kurzus kódja),"Elõfeltétel
típusa",félévek,Kredit,Teljesítés módja,"Kollokviumon
belül gyakorlati
ismeret",,,,,,,,,,,,,,,,,,,,,,,,,,,,,,,,,,,,,,,,,,,,,,,,,,,,,,,,,,,,,,,,
107,,,,,,0,1,2,3,,,,,,4,,,5,,,,,,,6,,,,,,,,,,,,,,,,,,,,,,,,,,,,,,,,,,,,,,,,,,,,,,,,
108,,,,,,heti tanóraszám,,,,,,,,,,,,,,,,,,,,,,,,,,,,,,,,,,,,,,,,,,,,,,,,,,,,,,,,,,,,,,,,,,,
109,IK255e,Intelligens vizualizációs eljárások ea,Dombi József,,,2,,,,,,,,,,,,,,,,,,,,2,Kollokvium,,,,,,,,,,,,,,,,,,,,,,,,,,,,,,,,,,,,,,,,,,,,,,
110,IK255g,Intelligens vizualizációs eljárások gy,Dombi József,,,1,,,,,,,,,,,,,,,,,,,,2,Gyakorlati jegy,,,,,,,,,,,,,,,,,,,,,,,,,,,,,,,,,,,,,,,,,,,,,,
111,IB082e,Optimalizálási modellezés ea,Gazdag-Tóth Boglárka,,,2,,,,,,,,,,,,,,,,,,,,2,Kollokvium,,,,,,,,,,,,,,,,,,,,,,,,,,,,,,,,,,,,,,,,,,,,,,
112,IB082g,Optimalizálási modellezés gy,Gazdag-Tóth Boglárka,,,1,,,,,,,,,,,,,,,,,,,,2,Gyakorlati jegy,,,,,,,,,,,,,,,,,,,,,,,,,,,,,,,,,,,,,,,,,,,,,,
113,IBK911e,Gazdasági informatika ea,Bánhelyi Balázs,,,2,,,,,,,,,,,,,,,,,,,,2,Kollokvium,,,,,,,,,,,,,,,,,,,,,,,,,,,,,,,,,,,,,,,,,,,,,,
114,IBK911g,Gazdasági informatika lab,Bánhelyi Balázs,,,1,,,,,,,,,,,,,,,,,,,,2,Gyakorlati jegy,,,,,,,,,,,,,,,,,,,,,,,,,,,,,,,,,,,,,,,,,,,,,,
115,IB001,Társadalmi és gazdasági hálózatok modellezése ea,London András,,,2,,,,,,,,,,,,,,,,,,,,3,Kollokvium,2,,,,,,,,,,,,,,,,,,,,,,,,,,,,,,,,,,,,,,,,,,,,,
116,18,,,,,,,,,,,,,,,,,,,,,,,,,,,,,,,,,,,,,,,,,,,,,,,,,,,,,,,,,,,,,,,,,,,,,,,,
117,,,,,,,,,,,,,Czédli Gábor,2.0,,3,Gyakorlati jegy,,,,,,,,,,,,,,,,,Elõfeltétel,,,MBNXK112G,Diszkrét matematika II. gy,"MBNXK111E, MBNXK111G",,,,,,,,,,,,,,,,,,,,,,,,,,,,,,,,,,
118,,,,,2,,,,,,,,Czédli Gábor,,,2,Kollokvium,,,,,,,,,,,,,,,,,Elõfeltétel,,,MBNXK114E,Diszkrét matematika III. ea,"MBNXK112E, MBNXK112G",,,,,,,,,,,,,,,,,,,,,,,,,,,,,,,,,,
119,,,,,2,,,,,,,,Czédli Gábor,,,3,Gyakorlati jegy,,,,,,,,,,,,,,,,,Elõfeltétel,,,MBNXK114G,Diszkrét matematika III. gy,"MBNXK112E, MBNXK112G",,,,,,,,,,,,,,,,,,,,,,,,,,,,,,,,,,
120,,,,,,,2,,,,,,KrisztinTibor,,,2,Kollokvium,,,,,,,,,,,,,,,,,Elõfeltétel,,,MBNXK313E,Kalkulus II. ea,"MBNXK311E, MBNXK311G",,,,,,,,,,,,,,,,,,,,,,,,,,,,,,,,,,
121,,,,,,,2,,,,,,KrisztinTibor,,,3,Gyakorlati jegy,,,,,,,,,,,,,,,,,Elõfeltétel,,,MBNXK313G,Kalkulus II. gy,"MBNXK311E, MBNXK311G",,,,,,,,,,,,,,,,,,,,,,,,,,,,,,,,,,
122,,,,,,2,,,,,,,Farkas Richard,,,2,Kollokvium,,,,,,,,,,,,,,,,,,,,IBK404e,Algoritmusok és adatszerkezetek II. ea,"IBK304e, IBK304g",,,,,,,,,,,,,,,,,,,,,,,,,,,,,,,,,,
123,,,,,,1,,,,,,,Farkas Richard,,,2,Gyakorlati jegy,,,,,,,,,,,,,,,,,,,,IBK404g,Algoritmusok és adatszerkezetek II. gy,"IBK304e, IBK304g",,,,,,,,,,,,,,,,,,,,,,,,,,,,,,,,,,
124,,,,,,2,,,,,,,Fülöp Zoltán,,,2,Kollokvium,,,,,,,,,,,,,,,,,,,,IBK615e,Hardware és software rendszerek verifikációja ea,IBK604e vagy IBK604g,,,,,,,,,,,,,,,,,,,,,,,,,,,,,,,,,,
125,,,,,,1,,,,,,,Fülöp Zoltán,,,2,Gyakorlati jegy,,,,,,,,,,,,,,,,,,,,IBK615g,Hardware és software rendszerek verifikációja gy,IBK604e vagy IBK604g,,,,,,,,,,,,,,,,,,,,,,,,,,,,,,,,,,
126,,,2,,,,,,,,,,Pluhár András,,,2,Kollokvium,,,,,,,,,,,,,,,,,,,,IBK309e,Döntéselméleti rendszerek ea,,,,,,,,,,,,,,,,,,,,,,,,,,,,,,,,,,,
127,,,1,,,,,,,,,,Pluhár András,,,2,Gyakorlati jegy,,,,,,,,,,,,,,,,,,,,IBK309g,Döntéselméleti rendszerek gy,,,,,,,,,,,,,,,,,,,,,,,,,,,,,,,,,,,
128,,,2,,,,,,,,,,Iván Szabolcs,,,3,Kollokvium,,,,,,,,,,,,,,,,,,,,IB072,Funkcionális programozás és lambda kalkulus,,,,,,,,,,,,,,,,,,,,,,,,,,,,,,,,,,,
129,,,2,,,,,,,,,,Gazdag Zsolt,,,3,Kollokvium,,,,,,,,,,,,,,,,,,,,IB073,Új elvû számítások az informatikában,,,,,,,,,,,,,,,,,,,,,,,,,,,,,,,,,,,
130,,,2,,,,,,,,,,Farkas Richard,,,3,Kollokvium,,,,,,,,,,,,,,,,,,,,IBT007,Nyelv- és beszédfeldolgozás ea,,,,,,,,,,,,,,,,,,,,,,,,,,,,,,,,,,,
131,,,2,,,,,,,,,,Fülöp Zoltán,,,3,Kollokvium,,,,,,,,,,,,,,,,,Elõfeltétel,,,IB074,Szintaktikus elemzési módszerek,IBK403e vagy IBK403g,,,,,,,,,,,,,,,,,,,,,,,,,,,,,,,,,,
132,,,,,,,,,,,,,,,,,,,,,,,,,,,,,,,,,,,,,39,,,,,,,,,,,,,,,,,,,,,,,,,,,,,,,,,,,,
133,,,,,,,,,,,,,,,,,,,,,,,,,,,,,,,,,,,,,,,,,,,,,,,,,,,,,,,,,,,,,,,,,,,,,,,,,
134,,,,,,,,,,,,,,2.0,,3,Gyakorlati jegy,,,,,,,,,,,,,IB152l,Adatbázis alapú rendszerek lab,Balázs Péter,"IB501e, IB501g",Elõfeltétel,,,,,,,,,,,,,,,,,,,,,,,,,,,,,,,,,,,,,,,
135,,,,,,,,2,,,,,,,,2,Kollokvium,,,,,,,,,,,,,IB611e,Rendszerfejlesztés II. ea,Gyimóthy Tibor,"IB153e, IB153l",Elõfeltétel,,,,,,,,,,,,,,,,,,,,,,,,,,,,,,,,,,,,,,,
136,,,,,,,,1,,,,,,,,2,Gyakorlati jegy,,,,,,,,,,,,,IB611g,Rendszerfejlesztés II. gy,Gyimóthy Tibor,"IB153e, IB153l",Elõfeltétel,,,,,,,,,,,,,,,,,,,,,,,,,,,,,,,,,,,,,,,
137,,,,,,2,,,,,,,,,,2,Kollokvium,,,,,,,,,,,,,IB370e,Szkriptnyelvek ea,Holló Csaba,"IB714e, IB714g",Elõfeltétel,,,,,,,,,,,,,,,,,,,,,,,,,,,,,,,,,,,,,,,
138,,,,,,1,,,,,,,,,,2,Gyakorlati jegy,,,,,,,,,,,,,IB370g,Szkriptnyelvek lab,Holló Csaba,"IB714e, IB714g",Elõfeltétel,,,,,,,,,,,,,,,,,,,,,,,,,,,,,,,,,,,,,,,
139,,,,,1,,,,,,,,,,,1,Kollokvium,,,,,,,,,,,,,IB676e,Assembly programozás ea,Tanács Attila,IB162E,Elõfeltétel,,,,,,,,,,,,,,,,,,,,,,,,,,,,,,,,,,,,,,,
140,,,,,1,,,,,,,,,,,1,Gyakorlati jegy,,,,,,,,,,,,,IB676l,Assembly programozás lab,Tanács Attila,IB162E,Elõfeltétel,,,,,,,,,,,,,,,,,,,,,,,,,,,,,,,,,,,,,,,
141,,,,,,,2,,,,,,,,,2,Kollokvium,,,,,,,,,,,,,IB155e,Számítógépes grafika ea,Nyúl László,"IB104E, IB104L",Elõfeltétel,,,,,,,,,,,,,,,,,,,,,,,,,,,,,,,,,,,,,,,
142,,,,,,,1,,,,,,,,,2,Gyakorlati jegy,,,,,,,,,,,,,IB155l,Számítógépes grafika lab,Nyúl László,"IB104E, IB104L",Elõfeltétel,,,,,,,,,,,,,,,,,,,,,,,,,,,,,,,,,,,,,,,
143,,,2,,,,,,,,,,,,,3,Kollokvium,,,,,,,,,,,,,IB009,Játékfejleszés Unity-ben gy,Varga László,,,,,,,,,,,,,,,,,,,,,,,,,,,,,,,,,,,,,,,,,
144,,,2,,,,,,,,,,,,,2,Kollokvium,,,,,,,,,,,,,IB080e,Térinformatika ea,Kardos Péter,,,,,,,,,,,,,,,,,,,,,,,,,,,,,,,,,,,,,,,,,
145,,,1,,,,,,,,,,,,,2,Gyakorlati jegy,,,,,,,,,,,,,IB080g,Térinformatika lab,Kardos Péter,,,,,,,,,,,,,,,,,,,,,,,,,,,,,,,,,,,,,,,,,
146,,,,,,,,,,,,,,1.0,,1,Kollokvium,,,,,,,,,,,,,IB414-2e,Alkalmazásfejlesztés I. ea,Kiss Ákos,"IB202g, IB202e
IB202g, IB202e",Elõfeltétel,,,,,,,,,,,,,,,,,,,,,,,,,,,,,,,,,,,,,,,
147,,,,,,2,,2,,,,,,,,Gyakorlati jegy,,,,,,,,,,,,,,IB414-2g,Alkalmazásfejlesztés I. lab,Kiss Ákos,Elõfeltétel,,,,,,,,,,,,,,,,,,,,,,,,,,,,,,,,,,,,,,,,
148,,,,,,,1,,,,,,,,,1,Kollokvium,,,,,,,,,,,,,IB570e,Alkalmazásfejlesztés II. ea,Kiss Ákos,"IB414g, IB414e",Elõfeltétel,,,,,,,,,,,,,,,,,,,,,,,,,,,,,,,,,,,,,,,
149,,,,,,,2,,,,,,,,,2,Gyakorlati jegy,,,,,,,,,,,,,IB570g,Alkalmazásfejlesztés II. lab,Kiss Ákos,"IB414g, IB414e",Elõfeltétel,,,,,,,,,,,,,,,,,,,,,,,,,,,,,,,,,,,,,,,
150,,,,,,,,,,,,,,1.0,,1,Kollokvium,,,,,,,,,,,,,IB030E,Mobil alkalmazásfejlesztés ea,Bilicki Vilmos,"IB202g, IB202e",Elõfeltétel,,,,,,,,,,,,,,,,,,,,,,,,,,,,,,,,,,,,,,,
151,,,,,,,,,,,,,,2.0,,2,Gyakorlati jegy,,,,,,,,,,,,,IB030g,Mobil alkalmazásfejlesztés lab,Bilicki Vilmos,"IB202g, IB202e",Elõfeltétel,,,,,,,,,,,,,,,,,,,,,,,,,,,,,,,,,,,,,,,
152,,,,,,,,,,,,,,1.0,,1,Kollokvium,,,,,,,,,,,,,IB471e,Webfejlesztési keretrendszerek ea,Havasi Ferenc,Szkriptnyelvek,Elõfeltétel,,,,,,,,,,,,,,,,,,,,,,,,,,,,,,,,,,,,,,,
153,,,,,,,,,,,,,,2.0,,2,Gyakorlati jegy,,,,,,,,,,,,,IB471g,Webfejlesztési keretrendszerek lab,Havasi Ferenc,Szkriptnyelvek,Elõfeltétel,,,,,,,,,,,,,,,,,,,,,,,,,,,,,,,,,,,,,,,
154,,,,,,,,,,,,,,2.0,,3,Kollokvium,,,,,,,,,,,,,IB472,Multiplatform alkalmazásfejlesztés C++-ban,Alexin Zoltán,"IB302e, IB302g",Elõfeltétel,,,,,,,,,,,,,,,,,,,,,,,,,,,,,,,,,,,,,,,
155,,,,,,,2,,,,,,,,,2,Kollokvium,,,,,,,,,,,,,IBK004e,Szoftvertesztelés alapjai ea,Gyimothy Tibor,"IB153e, IB153l",Elõfeltétel,,,,,,,,,,,,,,,,,,,,,,,,,,,,,,,,,,,,,,,
156,,,,,,,2,,,,,,,,,3,Gyakorlati jegy,,,,,,,,,,,,,IBK004g,Szoftvertesztelés alapjai gy,Gyimothy Tibor,"IB153e, IB153l",Elõfeltétel,,,,,,,,,,,,,,,,,,,,,,,,,,,,,,,,,,,,,,,
157,,,,,,,,1,,,,,,,,1,Kollokvium,,,,,,,,,,,,,IB670e,Agilis szoftverfejlesztés ea,Beszédes Árpád,"IB153e, IB153l",Elõfeltétel,,,,,,,,,,,,,,,,,,,,,,,,,,,,,,,,,,,,,,,
158,,,,,,,,2,,,,,,,,2,Gyakorlati jegy,,,,,,,,,,,,,IB670g,Agilis szoftverfejlesztés lab,Beszédes Árpád,"IB153e, IB153l",Elõfeltétel,,,,,,,,,,,,,,,,,,,,,,,,,,,,,,,,,,,,,,,
159,Kurzuskód,"Kurzus címe, típusa (ea, sz, gy, lab, konz stb.)",Tárgyfelelõs,Elõfeltétel (kurzus kódja),"Elõfeltétel
típusa",félévek,Kredit,Teljesítés módja,"Kollokviumon
belül gyakorlati
ismeret",,,,,,,,,,,,,,,,,,,,,,,,,,,,,,,,,,,,,,,,,,,,,,,,,,,,,,,,,,,,,,,,
160,0,1,2,3,4,5,6,,,,,,,,,,,,,,,,,,,,,,,,,,,,,,,,,,,,,,,,,,,,,,,,,,,,,,,,,,,,,,,,,,
161,heti tanóraszám,,,,,,,,,,,,,,,,,,,,,,,,,,,,,,,,,,,,,,,,,,,,,,,,,,,,,,,,,,,,,,,,,,,,,,,,
162,,,,,,,,,,,,,,1.0,,2,Gyakorlati jegy,,,,,,,,,,,,,,,,,Elõfeltétel,,,,,,IBK404g,Algoritmusok és adatszerkezetek II. gy,Farkas Richard,"IBK304e, IBK304g",,,,,,,,,,,,,,,,,,,,,,,,,,,,,,
163,,,,,,,,,,,,,,2.0,,2,Kollokvium,,,,,,,,,,,,,,,,,Elõfeltétel,,,,,,IBK615e,Hardware és software rendszerek verifikációja ea,Fülöp Zoltán,IBK604e vagy IBK604g,,,,,,,,,,,,,,,,,,,,,,,,,,,,,,
164,,,,,,,,,,,,,,1.0,,2,Gyakorlati jegy,,,,,,,,,,,,,,,,,Elõfeltétel,,,,,,IBK615g,Hardware és software rendszerek verifikációja gy,Fülöp Zoltán,IBK604e vagy IBK604g,,,,,,,,,,,,,,,,,,,,,,,,,,,,,,
165,,,,,,,,,,,,,Czédli Gábor,2.0,,3,Gyakorlati jegy,,,,,,,,,,,,,,,,,Elõfeltétel,,,MBNXK112G,Diszkrét matematika II. gy,"MBNXK111E, MBNXK111G",,,,,,,,,,,,,,,,,,,,,,,,,,,,,,,,,,
166,,,,,2,,,,,,,,Czédli Gábor,,,2,Kollokvium,,,,,,,,,,,,,,,,,Elõfeltétel,,,MBNXK114E,Diszkrét matematika III. ea,"MBNXK112E, MBNXK112G",,,,,,,,,,,,,,,,,,,,,,,,,,,,,,,,,,
167,,,,,2,,,,,,,,Czédli Gábor,,,3,Gyakorlati jegy,,,,,,,,,,,,,,,,,Elõfeltétel,,,MBNXK114G,Diszkrét matematika III. gy,"MBNXK112E, MBNXK112G",,,,,,,,,,,,,,,,,,,,,,,,,,,,,,,,,,
168,,,,,2,,,,,,,,Krisztin Tibor,,,2,Kollokvium,,,,,,,,,,,,,,,,,Elõfeltétel,,,MBNXK313E,Kalkulus II. ea,"MBNXK311E, MBNXK311G",,,,,,,,,,,,,,,,,,,,,,,,,,,,,,,,,,
169,,,,,2,,,,,,,,Krisztin Tibor,,,3,Gyakorlati jegy,,,,,,,,,,,,,,,,,Elõfeltétel,,,MBNXK313G,Kalkulus II. gy,"MBNXK311E, MBNXK311G",,,,,,,,,,,,,,,,,,,,,,,,,,,,,,,,,,
170,,,2,,,,,,,,,,Pluhár András,,,2,Kollokvium,,,,,,,,,,,,,,,,,,,,IBK309e,Döntéselméleti rendszerek ea,,,,,,,,,,,,,,,,,,,,,,,,,,,,,,,,,,,
171,,,1,,,,,,,,,,Pluhár András,,,2,Gyakorlati jegy,,,,,,,,,,,,,,,,,,,,IBK309g,Döntéselméleti rendszerek gy,,,,,,,,,,,,,,,,,,,,,,,,,,,,,,,,,,,
172,,,2,,,,,,,,,,Iván Szabolcs,,,3,Kollokvium,,,,,,,,,,,,,,,,,,,,IB072,Funkcionális programozás és lambda kalkulus,,,,,,,,,,,,,,,,,,,,,,,,,,,,,,,,,,,
173,,,2,,,,,,,,,,Gazdag Zsolt,,,3,Kollokvium,,,,,,,,,,,,,,,,,,,,IB073,Új elvû számítások az informatikában,,,,,,,,,,,,,,,,,,,,,,,,,,,,,,,,,,,
174,,,2,,,,,,,,,,Farkas Richard,,,3,Kollokvium,,,,,,,,,,,,,,,,,Elõfeltétel,,,IBT007,Nyelv- és beszédfeldolgozás ea,"IB104E, IB104L",,,,,,,,,,,,,,,,,,,,,,,,,,,,,,,,,,
175,,,2,,,,,,,,,,Fülöp Zoltán,,,3,Kollokvium,,,,,,,,,,,,,,,,,Elõfeltétel,,,IB074,Szintaktikus elemzési módszerek,"IBK403e, IBK403g",,,,,,,,,,,,,,,,,,,,,,,,,,,,,,,,,,
176,,,,,,,,,,,,,,1.0,,2,Gyakorlati jegy,,,,,,,,,,,,,,,,,Elõfeltétel,,,,,,,,,,IB611g,Rendszerfejlesztés II. gy,Gyimóthy Tibor,"IB153e, IB153l",,,,,,,,,,,,,,,,,,,,,,,,,,
177,,,,,,,,2,,,,,,,,2,Kollokvium,,,,,,,,,,,,,,,,,Elõfeltétel,,,,,,,,,,IB155e,Számítógépes grafika ea,Nyúl László,"IB104E, IB104L",,,,,,,,,,,,,,,,,,,,,,,,,,
178,,,,,,,,1,,,,,,,,2,Gyakorlati jegy,,,,,,,,,,,,,,,,,Elõfeltétel,,,,,,,,,,IB155l,Számítógépes grafika lab,Nyúl László,"IB104E, IB104L",,,,,,,,,,,,,,,,,,,,,,,,,,
179,,,2,,,,,,,,,,,,,2,Kollokvium,,,,,,,,,,,,,,,,,Elõfeltétel,,,,,,,,,,IB041e,Multimédia ea,Nyúl László,"IB104E, IB104L",,,,,,,,,,,,,,,,,,,,,,,,,,
180,,,1,,,,,,,,,,,,,2,Gyakorlati jegy,,,,,,,,,,,,,,,,,Elõfeltétel,,,,,,,,,,IB041g,Multimédia lab,Nyúl László,"IB104E, IB104L",,,,,,,,,,,,,,,,,,,,,,,,,,
181,,,2,,,,,,,,,,,,,3,Kollokvium,,,,,,,,,,,,,,,,,,,,,,,,,,,IB075,Digitális topológia és matematikai morfológia ea,Palágyi Kálmán,,,,,,,,,,,,,,,,,,,,,,,,,,,
182,,,2,,,,,,,,,,,,,2,Kollokvium,,,,,,,,,,,,,,,,,,,,,,,,,,,IB080e,Térinformatika ea,Kardos Péter,,,,,,,,,,,,,,,,,,,,,,,,,,,
183,,,1,,,,,,,,,,,,,2,Gyakorlati jegy,,,,,,,,,,,,,,,,,,,,,,,,,,,IB080g,Térinformatika lab,Kardos Péter,,,,,,,,,,,,,,,,,,,,,,,,,,,
184,,,2,,,,,,,,,,,,,3,Kollokvium,,,,,,,,,,,,,,,,,,,,,,,,,,,IB411e,Számítógéppel támogatott tervezés ea,Tanács Attila,,,,,,,,,,,,,,,,,,,,,,,,,,,
185,,,,,,,1,,,,,,,,,1,Kollokvium,,,,,,,,,,,,,,,,,Elõfeltétel,,,,,,,,,,IB414-2e,Alkalmazásfejlesztés I. ea,Kiss Ákos,"IB202g, IB202e
IB202g, IB202e",,,,,,,,,,,,,,,,,,,,,,,,,,
186,,,,,,2,,,,,,,,2.0,,Gyakorlati jegy,,,,,,,,,,,,,,,,,,,,,,,,,,,,IB414-2g,Alkalmazásfejlesztés I. lab,Kiss Ákos,Elõfeltétel,,,,,,,,,,,,,,,,,,,,,,,,,,
187,,,,,,,,1,,,,,,,,1,Kollokvium,,,,,,,,,,,,,,,,,Elõfeltétel,,,,,,,,,,IB570e,Alkalmazásfejlesztés II. ea,Kiss Ákos,"IB414g, IB414e",,,,,,,,,,,,,,,,,,,,,,,,,,
188,,,,,,,,2,,,,,,,,2,Gyakorlati jegy,,,,,,,,,,,,,,,,,Elõfeltétel,,,,,,,,,,IB570g,Alkalmazásfejlesztés II. lab,Kiss Ákos,"IB414g, IB414e",,,,,,,,,,,,,,,,,,,,,,,,,,
189,,,2,,,,,,,,,,,,,3,Kollokvium,,,,,,,,,,,,,,,,,,,,,,,,,,,IB001e,Adatelemzés a szociális médiában ea,Farkas Richárd,,,,,,,,,,,,,,,,,,,,,,,,,,,
190,,,1,,,,,,,,,,,,,2,Kollokvium,,,,,,,,,,,,,,,,,,,,,,,,,,,IB081,Informatikai alkalmazások ea,Németh Tamás,,,,,,,,,,,,,,,,,,,,,,,,,,,
191,,,2,,,,,,,,,,,,,2,Kollokvium,,,,,,,,,,,,,,,,,,,,,,,,,,,IK255e,Intelligens vizualizációs eljárások ea,Dombi József,,,,,,,,,,,,,,,,,,,,,,,,,,,
192,,,1,,,,,,,,,,,,,2,Gyakorlati jegy,,,,,,,,,,,,,,,,,,,,,,,,,,,IK255g,Intelligens vizualizációs eljárások gy,Dombi József,,,,,,,,,,,,,,,,,,,,,,,,,,,
193,,,2,,,,,,,,,,,,,2,Kollokvium,,,,,,,,,,,,,,,,,,,,,,,,,,,IB082e,Optimalizálási modellezés ea,Gazdag-Tóth Boglárka,,,,,,,,,,,,,,,,,,,,,,,,,,,
194,,,1,,,,,,,,,,,,,2,Gyakorlati jegy,,,,,,,,,,,,,,,,,,,,,,,,,,,IB082g,Optimalizálási modellezés gy,Gazdag-Tóth Boglárka,,,,,,,,,,,,,,,,,,,,,,,,,,,
195,,,2,,,,,,,,,,,,,2,Kollokvium,,,,,,,,,,,,,,,,,,,,,,,,,,,IBK911e,Gazdasági informatika ea,Bánhelyi Balázs,,,,,,,,,,,,,,,,,,,,,,,,,,,
196,,,1,,,,,,,,,,,,,2,Gyakorlati jegy,,,,,,,,,,,,,,,,,,,,,,,,,,,IBK911g,Gazdasági informatika lab,Bánhelyi Balázs,,,,,,,,,,,,,,,,,,,,,,,,,,,
197,,,2,,,,,,,,,,,,,3,Kollokvium,,,,,,,,,,,,,,,,,,,,,,,,,,,IB001,Társadalmi és gazdasági hálózatok modellezése ea,London András,,,,,,,,,,,,,,,,,,,,,,,,,,,
198,,,,,,,2,,,,,,,,,2,Kollokvium,,,,,,,,,,,,,,,,,Elõfeltétel,,,,,,,,,,IB152e,Adatbázis alapú rendszerek ea,Balázs Péter,"IB501e, IB501g",,,,,,,,,,,,,,,,,,,,,,,,,,
199,,,,,,,2,,,,,,,,,3,Gyakorlati jegy,,,,,,,,,,,,,,,,,Elõfeltétel,,,,,,,,,,IB152l,Adatbázis alapú rendszerek lab,Balázs Péter,"IB501e, IB501g",,,,,,,,,,,,,,,,,,,,,,,,,,
200,,,,,,,,,,,,,,,,,,,,,,,,,,,,,,,,,,,,,,,,,,,,53,,,,,,,,,,,,,,,,,,,,,,,,,,,,,
201,,,,,,,,,,,,,,,,,,,,,,,,,,,,,,,,,,,,,,,,,,,,,,,,,,,,,,,,,,,,,,,,,,,,,,,,,
202,,,,,félévek,,,,,,,,,,,,,,,,,,,,,,,,,,,,,,,,,,,,,,,,,,,,,,,,,,,,,,,,,,,,,,,,,,,,
203,,,1,2,3 4 5,,6,,,,,,,,Kollokviumon,,,,,,,,,,,,,,,,,,,,,,,,,,,,,,,,,,,,,0,,,,,,,,,,,,,,,,,,,,,
204,,,,,,,,,,,,,,,belül gyakorlati,,,,,,,,,,,,,,,,,,,,,,,,,,,,,,,,,,,,,Elõfeltétel,,,,,,,,,,,,,,,,,,,,,
205,,,,heti tanóraszám,,,,Kredit,Teljesítés módja,,,,,,ismeret,,,Gyak. Kredit,,,,,,,,,,,,,,,,,,,,,,,,,,,,,,Kurzuskód,"Kurzus címe, típusa (ea, sz, gy, lab, konz stb.)",Tárgyfelelõs,Elõfeltétel (kurzus kódja),típusa,,,,,,,,,,,,,,,,,,,,,
206,,,,,,,,,,,,,,1.0,,2,Gyakorlati jegy,,,,,,,,,,,,,,,,,Elõfeltétel,,,,,,IBK404g,Algoritmusok és adatszerkezetek II. gy,Farkas Richard,"IBK304e, IBK304g",,,,,,,,,,,,,,,,,,,,,,,,,,,,,,
207,,,,,,,,,,,,,,2.0,,2,Kollokvium,,,,,,,,,,,,,,,,,Elõfeltétel,,,,,,IBK615e,Hardware és software rendszerek verifikációja ea,Fülöp Zoltán,IBK604e vagy IBK604g,,,,,,,,,,,,,,,,,,,,,,,,,,,,,,
208,,,,,,,,,,,,,,1.0,,2,Gyakorlati jegy,,,,,,,,,,,,,,,,,Elõfeltétel,,,,,,IBK615g,Hardware és software rendszerek verifikációja gy,Fülöp Zoltán,IBK604e vagy IBK604g,,,,,,,,,,,,,,,,,,,,,,,,,,,,,,
209,,,,,,,,,,,,,Czédli Gábor,2.0,,3,Gyakorlati jegy,,,,,,,,,,,,,,,,,Elõfeltétel,,,MBNXK112G,Diszkrét matematika II. gy,"MBNXK111E, MBNXK111G",,,,,,,,,,,,,,,,,,,,,,,,,,,,,,,,,,
210,,,,2,,,,,,,,,Czédli Gábor,,,2,Kollokvium,,,,,,,,,,,,,,,,,Elõfeltétel,,,MBNXK114E,Diszkrét matematika III. ea,"MBNXK112E, MBNXK112G",,,,,,,,,,,,,,,,,,,,,,,,,,,,,,,,,,
211,,,,2,,,,,,,,,Czédli Gábor,,,3,Gyakorlati jegy,,,,,,,,,,,,,,,,,Elõfeltétel,,,MBNXK114G,Diszkrét matematika III. gy,"MBNXK112E, MBNXK112G",,,,,,,,,,,,,,,,,,,,,,,,,,,,,,,,,,
212,,,,2,,,,,,,,,Krisztin Tibor,,,2,Kollokvium,,,,,,,,,,,,,,,,,Elõfeltétel,,,MBNXK313E,Kalkulus II. ea,"MBNXK311E, MBNXK311G",,,,,,,,,,,,,,,,,,,,,,,,,,,,,,,,,,
213,,,,2,,,,,,,,,Krisztin Tibor,,,3,Gyakorlati jegy,,,,,,,,,,,,,,,,,Elõfeltétel,,,MBNXK313G,Kalkulus II. gy,"MBNXK311E, MBNXK311G",,,,,,,,,,,,,,,,,,,,,,,,,,,,,,,,,,
214,,,2,,,,,,,,,,Pluhár András,,,2,Kollokvium,,,,,,,,,,,,,,,,,,,,IBK309e,Döntéselméleti rendszerek ea,,,,,,,,,,,,,,,,,,,,,,,,,,,,,,,,,,,
215,,,1,,,,,,,,,,Pluhár András,,,2,Gyakorlati jegy,,,,,,,,,,,,,,,,,,,,IBK309g,Döntéselméleti rendszerek gy,,,,,,,,,,,,,,,,,,,,,,,,,,,,,,,,,,,
216,,,2,,,,,,,,,,Iván Szabolcs,,,3,Kollokvium,,,,,,,,,,,,,,,,,,,,IB072,Funkcionális programozás és lambda kalkulus,,,,,,,,,,,,,,,,,,,,,,,,,,,,,,,,,,,
217,,,2,,,,,,,,,,Gazdag Zsolt,,,3,Kollokvium,,,,,,,,,,,,,,,,,,,,IB073,Új elvû számítások az informatikában,,,,,,,,,,,,,,,,,,,,,,,,,,,,,,,,,,,
218,,,2,,,,,,,,,,Farkas Richard,,,3,Kollokvium,,,,,,,,,,,,,,,,,Elõfeltétel,,,IBT007,Nyelv- és beszédfeldolgozás ea,"IB104E, IB104L",,,,,,,,,,,,,,,,,,,,,,,,,,,,,,,,,,
219,,,,,,,,,,,,,,1.0,,2,Gyakorlati jegy,,,,,,,,,,,,,,,,,Elõfeltétel,,,,,,,,,,,,,,,,,,,IB155l,Számítógépes grafika lab,Nyúl László,"IB104E, IB104L",,,,,,,,,,,,,,,,,
220,,,2,,,,,,,,,,,,,2,Kollokvium,,,,,,,,,,,,,,,,,Elõfeltétel,,,,,,,,,,,,,,,,,,,IB041e,Multimédia ea,Nyúl László,"IB104E, IB104L",,,,,,,,,,,,,,,,,
221,,,1,,,,,,,,,,,,,2,Gyakorlati jegy,,,,,,,,,,,,,,,,,Elõfeltétel,,,,,,,,,,,,,,,,,,,IB041g,Multimédia lab,Nyúl László,"IB104E, IB104L",,,,,,,,,,,,,,,,,
222,,,2,,,,,,,,,,,,,3,Kollokvium,,,,,,,,,,,,,,,,,,,,,,,,,,,,,,,,,,,,IB075,Digitális topológia és matematikai morfológia ea,Palágyi Kálmán,,,,,,,,,,,,,,,,,,
223,,,2,,,,,,,,,,,,,3,Kollokvium,,,,,,,,,,,,,,,,,,,,,,,,,,,,,,,,,,,,IB076,Digitális képek szegmentálása ea,Kató Zoltán,,,,,,,,,,,,,,,,,,
224,,,2,,,,,,,,,,,,,3,Kollokvium,,,,,,,,,,,,,,,,,,,,,,,,,,,,,,,,,,,,IB077,Mobil képalkotás és alkalmazásai ea,Tanács Attila,,,,,,,,,,,,,,,,,,
225,,,2,,,,,,,,,,,,,3,Gyakorlati jegy,,,,,,,,,,,,,,,,,,,,,,,,,,,,,,,,,,,,IB009,Játékfejleszés Unity-ben gy,Varga László,,,,,,,,,,,,,,,,,,
226,,,2,,,,,,,,,,,,,3,Kollokvium,,,,,,,,,,,,,,,,,,,,,,,,,,,,,,,,,,,,IB078,Vázkijelölés a képfeldolgozásban,Palágyi Kálmán,,,,,,,,,,,,,,,,,,
227,,,2,,,,,,,,,,,,,3,Gyakorlati jegy,,,,,,,,,,,,,,,,,,,,,,,,,,,,,,,,,,,,IB079,Képfeldolgozó programcsomagok,Tanács Attila,,,,,,,,,,,,,,,,,,
228,,,2,,,,,,,,,,,,,2,Kollokvium,,,,,,,,,,,,,,,,,,,,,,,,,,,,,,,,,,,,IB080e,Térinformatika ea,Kardos Péter,,,,,,,,,,,,,,,,,,
229,,,1,,,,,,,,,,,,,2,Gyakorlati jegy,,,,,,,,,,,,,,,,,,,,,,,,,,,,,,,,,,,,IB080g,Térinformatika lab,Kardos Péter,,,,,,,,,,,,,,,,,,
230,,,2,,,,,,,,,,,,,3,Kollokvium,,,,,,,,,,,,,,,,,,,,,,,,,,,,,,,,,,,,IB411e,Számítógéppel támogatott tervezés ea,Tanács Attila,,,,,,,,,,,,,,,,,,
231,,,,,,,,,,,,,,2.0,,3,Gyakorlati jegy,,,,,,,,,,,,,IB152l,Adatbázis alapú rendszerek lab,Balázs Péter,"IB501e, IB501g",Elõfeltétel,,,,,,,,,,,,,,,,,,,,,,,,,,,,,,,,,,,,,,,
232,,,,2,,,,,,,,,,,,2,Kollokvium,,,,,,,,,,,,,IB370e,Szkriptnyelvek ea,Holló Csaba,"IB714e, IB714g",Elõfeltétel,,,,,,,,,,,,,,,,,,,,,,,,,,,,,,,,,,,,,,,
233,,,,1,,,,,,,,,,,,2,Gyakorlati jegy,,,,,,,,,,,,,IB370g,Szkriptnyelvek lab,Holló Csaba,"IB714e, IB714g",Elõfeltétel,,,,,,,,,,,,,,,,,,,,,,,,,,,,,,,,,,,,,,,
234,,,,,,,,,,,,,,1.0,,1,Kollokvium,,,,,,,,,,,,,IB414-2e,Alkalmazásfejlesztés I. ea,Kiss Ákos,"IB202g, IB202e",Elõfeltétel,,,,,,,,,,,,,,,,,,,,,,,,,,,,,,,,,,,,,,,
235,,,,,,,,,,,,,,2.0,,2,Gyakorlati jegy,,,,,,,,,,,,,IB414-2g,Alkalmazásfejlesztés I. lab,Kiss Ákos,"IB202g, IB202e",Elõfeltétel,,,,,,,,,,,,,,,,,,,,,,,,,,,,,,,,,,,,,,,
236,,,,,,,,,,,,,,1.0,,1,Kollokvium,,,,,,,,,,,,,IB030E,Mobil alkalmazásfejlesztés ea,Bilicki Vilmos,"IB202g, IB202e",Elõfeltétel,,,,,,,,,,,,,,,,,,,,,,,,,,,,,,,,,,,,,,,
237,,,,,,,,,,,,,,2.0,,2,Gyakorlati jegy,,,,,,,,,,,,,IB030g,Mobil alkalmazásfejlesztés lab,Bilicki Vilmos,"IB202g, IB202e",Elõfeltétel,,,,,,,,,,,,,,,,,,,,,,,,,,,,,,,,,,,,,,,
238,,,,,,,,,,,,,,2.0,,3,Kollokvium,,,,,,,,,,,,,IB472,Multiplatform alkalmazásfejlesztés C++-ban,Alexin Zoltán,"IB302e, IB302g",Elõfeltétel,,,,,,,,,,,,,,,,,,,,,,,,,,,,,,,,,,,,,,,
239,,,1,,,,,,,,,,,,,2,Gyakorlati jegy,,,,,,,,,,,,,I255g,Intelligens vizualizációs eljárások gy,Dombi József,,,,,,,,,,,,,,,,,,,,,,,,,,,,,,,,,,,,,,,,,
240,,,,,,,,,,,,,,2.0,,2,Kollokvium,,,,,,,,,,,,,,,,,,,,,,,,,,,,,,,,,,,,,,,,BSZV00,Biológia SZV ea,,,,,,,,,,,,,,,
241,,,,,,,,,,,,,,2.0,,2,Kollokvium,,,,,,,,,,,,,,,,,,,,,,,,,,,,,,,,,,,,,,,,GSZV00,Földrajz SZV ea,,,,,,,,,,,,,,,
242,,,,,,,,,,,,,,2.0,,2,Kollokvium,,,,,,,,,,,,,,,,,,,,,,,,,,,,,,,,,,,,,,,,ISZV00,Informatika SZV ea,,,,,,,,,,,,,,,
243,Kurzuskód,"Kurzus címe, típusa (ea, sz, gy, lab, konz stb.)",Tárgyfelelõs,Elõfeltétel (kurzus kódja),"Elõfeltétel
típusa",félévek,Kredit,Teljesítés módja,"Kollokviumon
belül gyakorlati
ismeret",,,,,,,,,,,,,,,,,,,,,,,,,,,,,,,,,,,,,,,,,,,,,,,,,,,,,,,,,,,,,,,,
244,,,,,0,1,2,3,4,,,,,,5,,,6,,,,,,,,,,,,,,,,,,,,,,,,,,,,,,,,,,,,,,,,,,,,,,,,,,,,,,,
245,,,,,heti tanóraszám,,,,,,,,,,,,,,,,,,,,,,,,,,,,,,,,,,,,,,,,,,,,,,,,,,,,,,,,,,,,,,,,,,,,
246,KSZV00,Kémia SZV ea,,,,2,,,,,,,,,,,,,,,,,,,,2,Kollokvium,,,,,,,,,,,,,,,,,,,,,,,,,,,,,,,,,,,,,,,,,,,,,,
247,KtudSZ,Környezettudományi SZV ea,,,,2,,,,,,,,,,,,,,,,,,,,2,Kollokvium,,,,,,,,,,,,,,,,,,,,,,,,,,,,,,,,,,,,,,,,,,,,,,
248,MSZV00,Matematika SZV ea,,,,2,,,,,,,,,,,,,,,,,,,,2,Kollokvium,,,,,,,,,,,,,,,,,,,,,,,,,,,,,,,,,,,,,,,,,,,,,,
249,UNIV300,Szabadon választható BSc ea,,,,2,,,,,,,,,,,,,,,,,,,,2,Kollokvium,,,,,,,,,,,,,,,,,,,,,,,,,,,,,,,,,,,,,,,,,,,,,,
250,XN0141,Lektorátusi nyelvórák TTIK szaknyelv kredites ea,,,,2,,,,,,,,,,,,,,,,,,,,2,Kollokvium,,,,,,,,,,,,,,,,,,,,,,,,,,,,,,,,,,,,,,,,,,,,,,
251,,BA/BSc Szabadon választható ea,,,,2,,,,,,,,,,,,,,,,,,,,2,Kollokvium,,,,,,,,,,,,,,,,,,,,,,,,,,,,,,,,,,,,,,,,,,,,,,
252,,,,,,,,,,,,,,,,,,4,,,,,,,,,,,,,,,,,,,,,,,,,,,,,,,,,,,,,,,,,IB3001,Szakdolgozat készítése 2. (pti),10.0,Gyakorlati jegy,,,,,,,,,,,
253,,,,,,,,,,,,,,,,,,,,,,,,,,,,,,,,,,,,,,,,,,,,,,,,,,,,,,,,,,,,,,,Kötelezõ informatikai ismere,e5k2,,,,,,,,,
254,,,,,,,,,,,,,,,,,,,,,,,,,,,,,,,,,,,,,,,,,,,,,,,,,,,,,,,,,,,,,,,Szabadon választható tárgya,10,,,,,,,,,
255,,,,,,,,,,,,,,,,,,,,,,,,,,,,,,,,,,,,,,,,,,,,,,,,,,,,,,,,,,,,,,,Diplomamunka,20,,,,,,,,,
256,,,,,,,,,,,,,,,,,,,,,,,,,,,,,,,,,,,,,,,,,,,,,,,,,,,,,,,,,,,,,,,Összesen,128,,,,,,,,,
257,,,kr,%,,,,,,,,,,,,,,,,,,,,,,,,,,,,,,,,,,,,,,,,,,,,,,,,,,,,,,,,,,,,,kr,,,,,,,,
258,,,98,59%,,,,,,,,,,,,,,,,,,,,,,,,,,,,,,,,,,,,,,,,,,,,,,,,,,,,,,,,,,,,,58,,,,,,,,
259,,,131,58%,,,,,,,,,,,,,,,,,,,,,,,,,,,,,,,,,,,,,,,,,,,,,,,,,,,,,,,,,,,,,76,,,,,,,,
260,,,52,,,,,,,,,,,,,,,,,,,,,,,,,,,,,,,,,,,,,,,,,,,,,,,,,,,,,,,,,,,,,,30,,,,,,,,
261,,,20,,,,,,,,,,,,,,,,,,,,,,,,,,,,,,,,,,,,,,,,,,,,,,,,,,,,,,,,,,,,,,20,,,,,,,,
262,,,,60%,,,,,,,,,,,,,,,,,,,,,,,,,,,,,,,,,,,,,,,,,,,,,,,,,,,,,,,,,,,,,108,,,,,,,,
263,,,,,,,,,,,,,,,,,,,,,,,,,,,,,,,,,,,,,,,,,,,,,,,,,,,,,,,,,,,,,,,,,,,,Szoftverfejlesztés specializáci,3: 8Differenciált informatikai ismeretek,,,,
264,,,,,,,,,,,,,,,,,,,,,,,,,,,,,,,,,,,,,,,,,,,,,,,,,,,,,,,,,,,,,,,,,,,,Összesen:,180,,,,
265,,,,,,,,,,,,,,,,,,,,,,,,,,,,,,,,,,,,,,,,,,,,,,,,,,,,,,,,,,,,,,,,,,,,,,Informatikai modellalkotás s,e2c1ializáció: Differenciált matematikai és számítástudo,,
266,,,,,,,,,,,,,,,,,,,,,,,,,,,,,,,,,,,,,,,,,,,,,,,,,,,,,,,,,,,,,,,,,,,,,,Informatikai modellalkotás s,e2c3ializáció: Differenciált informatikai ismeretek,,
267,,,,,,,,,,,,,,,,,,,,,,,,,,,,,,,,,,,,,,,,,,,,,,,,,,,,,,,,,,,,,,,,,,,,,,Összesen:,180,,
268,,,,,,,,,,,,,,,,,,,,,,,,,,,,,,,,,,,,,,,,,,,,,,,,,,,,,,,,,,,,,,,,,,,,,,,,Képfeldolgozás:Differenciált,6atematikai és számítástudományi ismeretek B blokk
269,,,,,,,,,,,,,,,,,,,,,,,,,,,,,,,,,,,,,,,,,,,,,,,,,,,,,,,,,,,,,,,,,,,,,,,,Képfeldolgozás:Differenciált i,3f8ormatikai ismeretek
270,,,,,,,,,,,,,,,,,,,,,,,,,,,,,,,,,,,,,,,,,,,,,,,,,,,,,,,,,,,,,,,,,,,,,,,,Összesen:,180
